{"K": [[882.3950523209171, 0.0, 970.8461007640171], [0.0, 875.7527282795506, 805.6496200459453], [0.0, 0.0, 1.0]], "D": [[-0.02406933479735886], [-0.07854942659599791], [0.10838878224648078], [-0.05190656377340649]]}